dataset,algo,train_frac,r_candidates,p_partially_labeled,eps_coocc,seed,train_acc,test_acc,train_mcc,test_mcc,train_frac_guessing,test_frac_guessing,train_frac_sure,test_frac_sure,train_acc_sure,test_acc_sure,train_mcc_sure,test_mcc_sure,runtime
bird-song,chance,0.8,-1,-1.0,-1.0,0,0.601712,0.087525,0.541713,0.007460,1.000000,1.000000,0.000000,0.000000,0.000000,0.000000,0.000000,0.000000,0.147657
bird-song,chance,0.8,-1,-1.0,-1.0,1,0.590989,0.080564,0.530176,-0.005905,1.000000,1.000000,0.000000,0.000000,0.000000,0.000000,0.000000,0.000000,0.139551
bird-song,chance,0.8,-1,-1.0,-1.0,2,0.591493,0.080564,0.531051,-0.006838,1.000000,1.000000,0.000000,0.000000,0.000000,0.000000,0.000000,0.000000,0.125154
bird-song,chance,0.8,-1,-1.0,-1.0,3,0.589982,0.095670,0.527841,0.014617,1.000000,1.000000,0.000000,0.000000,0.000000,0.000000,0.000000,0.000000,0.141157
bird-song,chance,0.8,-1,-1.0,-1.0,4,0.582935,0.060423,0.521542,-0.023341,1.000000,1.000000,0.000000,0.000000,0.000000,0.000000,0.000000,0.000000,0.152080
bird-song,clpl-2011,0.8,-1,-1.0,-1.0,0,0.792296,0.594567,0.765261,0.549212,0.000000,0.000000,0.518127,0.550302,0.916910,0.806216,0.892601,0.763649,21.147340
bird-song,clpl-2011,0.8,-1,-1.0,-1.0,1,0.782280,0.632427,0.754584,0.576481,0.000000,0.000000,0.533602,0.586103,0.919811,0.836770,0.898763,0.792419,12.475299
bird-song,clpl-2011,0.8,-1,-1.0,-1.0,2,0.779008,0.619335,0.751728,0.565459,0.000000,0.000000,0.542411,0.605237,0.906265,0.800333,0.883100,0.753519,13.612410
bird-song,clpl-2011,0.8,-1,-1.0,-1.0,3,0.778505,0.619335,0.750164,0.571145,0.000000,0.000000,0.530330,0.565962,0.909824,0.800712,0.884648,0.758226,10.857695
bird-song,clpl-2011,0.8,-1,-1.0,-1.0,4,0.770199,0.626385,0.741323,0.574334,0.000000,0.000000,0.517745,0.569990,0.912008,0.830389,0.886882,0.789055,14.057832
bird-song,dst-pll,0.8,-1,-1.0,-1.0,0,0.803374,0.653924,0.773227,0.605685,0.078802,0.056338,0.635448,0.418511,0.934628,0.918269,0.916659,0.891105,0.408019
bird-song,dst-pll,0.8,-1,-1.0,-1.0,1,0.804682,0.689829,0.775604,0.641851,0.082306,0.056395,0.625220,0.414904,0.942432,0.978155,0.926785,0.967436,0.391114
bird-song,dst-pll,0.8,-1,-1.0,-1.0,2,0.794865,0.680765,0.764888,0.630381,0.083816,0.073515,0.628744,0.401813,0.939552,0.962406,0.923348,0.945455,0.414632
bird-song,dst-pll,0.8,-1,-1.0,-1.0,3,0.803423,0.668681,0.773660,0.620380,0.088346,0.062437,0.639064,0.407855,0.938952,0.920988,0.922421,0.896654,0.416479
bird-song,dst-pll,0.8,-1,-1.0,-1.0,4,0.810722,0.696878,0.783384,0.649026,0.078530,0.051360,0.624717,0.411883,0.937550,0.965770,0.920785,0.950911,0.408832
bird-song,ipal-2015,0.8,-1,-1.0,-1.0,0,0.842900,0.726358,0.819313,0.689285,0.000000,0.000000,0.952165,0.840040,0.865151,0.803593,0.843777,0.774550,102.125314
bird-song,ipal-2015,0.8,-1,-1.0,-1.0,1,0.841178,0.745217,0.818095,0.705275,0.000000,0.000000,0.949157,0.832830,0.865553,0.829504,0.844912,0.799657,98.005486
bird-song,ipal-2015,0.8,-1,-1.0,-1.0,2,0.846464,0.725076,0.824286,0.681531,0.000000,0.000000,0.954694,0.837865,0.865805,0.807692,0.845717,0.774477,98.274826
bird-song,ipal-2015,0.8,-1,-1.0,-1.0,3,0.854518,0.721047,0.833005,0.681083,0.000000,0.000000,0.956456,0.844914,0.873421,0.811681,0.853997,0.782644,99.066155
bird-song,ipal-2015,0.8,-1,-1.0,-1.0,4,0.848981,0.737160,0.827481,0.695776,0.000000,0.000000,0.953939,0.805639,0.869129,0.856250,0.849595,0.831565,98.877297
bird-song,lsb-cmm-2012,0.8,-1,-1.0,-1.0,0,0.812941,0.657948,0.786729,0.613849,0.000000,0.000000,0.969789,0.561368,0.826584,0.899642,0.801427,0.875065,138.990253
bird-song,lsb-cmm-2012,0.8,-1,-1.0,-1.0,1,0.812988,0.670695,0.787330,0.619219,0.000000,0.000000,0.976340,0.640483,0.824955,0.872642,0.800116,0.841133,142.484721
bird-song,lsb-cmm-2012,0.8,-1,-1.0,-1.0,2,0.803423,0.659617,0.776517,0.604329,0.000000,0.000000,0.956959,0.611279,0.825881,0.858320,0.800184,0.822612,139.924846
bird-song,lsb-cmm-2012,0.8,-1,-1.0,-1.0,3,0.806695,0.675730,0.779832,0.630925,0.000000,0.000000,0.969796,0.631420,0.822995,0.859649,0.797307,0.830737,138.884303
bird-song,lsb-cmm-2012,0.8,-1,-1.0,-1.0,4,0.806443,0.668681,0.780412,0.622561,0.000000,0.000000,0.967783,0.627392,0.823927,0.908507,0.799062,0.885535,143.397733
bird-song,m3pl-2016,0.8,-1,-1.0,-1.0,0,0.879154,0.698189,0.861896,0.660985,0.000000,0.000000,0.630161,0.655936,0.950459,0.866564,0.939706,0.842993,183.204343
bird-song,m3pl-2016,0.8,-1,-1.0,-1.0,1,0.878429,0.696878,0.861958,0.650878,0.000000,0.000000,0.628996,0.689829,0.949980,0.856934,0.939684,0.827212,137.228443
bird-song,m3pl-2016,0.8,-1,-1.0,-1.0,2,0.873144,0.683787,0.855792,0.640168,0.000000,0.000000,0.638309,0.682779,0.948344,0.814159,0.937908,0.778738,155.511511
bird-song,m3pl-2016,0.8,-1,-1.0,-1.0,3,0.877171,0.694864,0.860007,0.655105,0.000000,0.000000,0.635792,0.682779,0.952494,0.837758,0.942447,0.811338,128.353416
bird-song,m3pl-2016,0.8,-1,-1.0,-1.0,4,0.872640,0.721047,0.855497,0.679899,0.000000,0.000000,0.629499,0.711984,0.947621,0.859972,0.936861,0.833827,178.183957
bird-song,paloc-2018,0.8,-1,-1.0,-1.0,0,0.758812,0.622736,0.729411,0.592924,0.007805,0.005030,0.823766,0.000000,0.829156,0.000000,0.801627,0.000000,34.593740
bird-song,paloc-2018,0.8,-1,-1.0,-1.0,1,0.743015,0.645519,0.713854,0.604164,0.005789,0.005035,0.826579,0.000000,0.807247,0.000000,0.778501,0.000000,33.757283
bird-song,paloc-2018,0.8,-1,-1.0,-1.0,2,0.738736,0.624371,0.707376,0.577761,0.007048,0.007049,0.820035,0.000000,0.811234,0.000000,0.781658,0.000000,36.598914
bird-song,paloc-2018,0.8,-1,-1.0,-1.0,3,0.741505,0.640483,0.710996,0.603553,0.008809,0.011078,0.821042,0.000000,0.812078,0.000000,0.782448,0.000000,32.638937
bird-song,paloc-2018,0.8,-1,-1.0,-1.0,4,0.752077,0.659617,0.724637,0.625269,0.004027,0.001007,0.819784,0.000000,0.823150,0.000000,0.797336,0.000000,32.658285
bird-song,pl-knn-2005,0.8,-1,-1.0,-1.0,0,0.799345,0.664990,0.768836,0.619440,0.074270,0.069416,0.710473,0.159960,0.777108,0.817610,0.749844,0.791288,0.208019
bird-song,pl-knn-2005,0.8,-1,-1.0,-1.0,1,0.793859,0.693857,0.763710,0.647769,0.072489,0.058409,0.713818,0.156093,0.781735,0.858065,0.755118,0.840278,0.237166
bird-song,pl-knn-2005,0.8,-1,-1.0,-1.0,2,0.782784,0.691843,0.751018,0.643560,0.082306,0.071501,0.713063,0.153072,0.763855,0.815789,0.735130,0.788936,0.191363
bird-song,pl-knn-2005,0.8,-1,-1.0,-1.0,3,0.790586,0.663646,0.759248,0.616568,0.078027,0.071501,0.702492,0.154079,0.774991,0.816993,0.747513,0.791193,0.206539
bird-song,pl-knn-2005,0.8,-1,-1.0,-1.0,4,0.790083,0.693857,0.759933,0.646565,0.074251,0.057402,0.715832,0.156093,0.770042,0.838710,0.742514,0.812856,0.207712
bird-song,pl-svm-2008,0.8,-1,-1.0,-1.0,0,0.706949,0.415493,0.674139,0.346682,0.000000,0.000000,0.587362,0.251509,0.814402,0.952000,0.768963,0.859821,8.591511
bird-song,pl-svm-2008,0.8,-1,-1.0,-1.0,1,0.641077,0.352467,0.608880,0.264586,0.000000,0.000000,0.608105,0.350453,0.735099,0.890805,0.682381,0.790301,8.898142
bird-song,pl-svm-2008,0.8,-1,-1.0,-1.0,2,0.627989,0.348439,0.593954,0.252500,0.000000,0.000000,0.613390,0.333333,0.736561,0.879154,0.684564,0.772120,8.812392
bird-song,pl-svm-2008,0.8,-1,-1.0,-1.0,3,0.642336,0.314199,0.608181,0.226546,0.000000,0.000000,0.602819,0.293051,0.730689,0.879725,0.669520,0.766483,9.009935
bird-song,pl-svm-2008,0.8,-1,-1.0,-1.0,4,0.639315,0.349446,0.606963,0.259388,0.000000,0.000000,0.604833,0.355488,0.727424,0.872521,0.670730,0.777434,8.946187
bird-song,sure-2019,0.8,-1,-1.0,-1.0,0,0.866566,0.768612,0.845834,0.733279,0.000000,0.000000,0.396022,0.000000,0.992371,0.000000,0.985770,0.000000,1128.885987
bird-song,sure-2019,0.8,-1,-1.0,-1.0,1,0.876164,0.749245,0.857010,0.707687,0.000000,0.000000,0.385603,0.000000,0.991514,0.000000,0.984407,0.000000,1390.092569
bird-song,sure-2019,0.8,-1,-1.0,-1.0,2,0.866600,0.767372,0.846485,0.726585,0.000000,0.000000,0.382834,0.000000,0.993425,0.000000,0.987797,0.000000,1827.500178
bird-song,sure-2019,0.8,-1,-1.0,-1.0,3,0.873899,0.757301,0.854254,0.720469,0.000000,0.000000,0.395671,0.000000,0.991094,0.000000,0.983632,0.000000,1411.311102
bird-song,sure-2019,0.8,-1,-1.0,-1.0,4,0.875157,0.771400,0.856085,0.731761,0.000000,0.000000,0.380821,0.000000,0.990747,0.000000,0.982880,0.000000,1339.645176
lost,chance,0.8,-1,-1.0,-1.0,0,0.497213,0.075556,0.434332,0.004527,1.000000,1.000000,0.000000,0.000000,0.000000,0.000000,0.000000,0.000000,0.034123
lost,chance,0.8,-1,-1.0,-1.0,1,0.473802,0.075556,0.409964,0.002667,1.000000,1.000000,0.000000,0.000000,0.000000,0.000000,0.000000,0.000000,0.041674
lost,chance,0.8,-1,-1.0,-1.0,2,0.493318,0.111607,0.430072,0.040726,1.000000,1.000000,0.000000,0.000000,0.000000,0.000000,0.000000,0.000000,0.044685
lost,chance,0.8,-1,-1.0,-1.0,3,0.459911,0.058036,0.393438,-0.016851,1.000000,1.000000,0.000000,0.000000,0.000000,0.000000,0.000000,0.000000,0.043713
lost,chance,0.8,-1,-1.0,-1.0,4,0.482183,0.062500,0.415813,-0.009449,1.000000,1.000000,0.000000,0.000000,0.000000,0.000000,0.000000,0.000000,0.039350
lost,clpl-2011,0.8,-1,-1.0,-1.0,0,0.872910,0.715556,0.856483,0.680943,0.000000,0.000000,0.701226,0.595556,0.925278,0.835821,0.914342,0.809943,2.304333
lost,clpl-2011,0.8,-1,-1.0,-1.0,1,0.880713,0.755556,0.866022,0.717226,0.000000,0.000000,0.682274,0.560000,0.921569,0.841270,0.910586,0.812577,2.601956
lost,clpl-2011,0.8,-1,-1.0,-1.0,2,0.884187,0.727679,0.869573,0.689719,0.000000,0.000000,0.678174,0.553571,0.939245,0.830645,0.930522,0.804601,3.749751
lost,clpl-2011,0.8,-1,-1.0,-1.0,3,0.886414,0.683036,0.871997,0.642622,0.000000,0.000000,0.669265,0.553571,0.935108,0.822581,0.925517,0.797965,2.437866
lost,clpl-2011,0.8,-1,-1.0,-1.0,4,0.874165,0.750000,0.857763,0.719278,0.000000,0.000000,0.690423,0.607143,0.925806,0.816176,0.915122,0.790473,3.356149
lost,dst-pll,0.8,-1,-1.0,-1.0,0,0.673356,0.404444,0.632068,0.340447,0.130435,0.066667,0.328874,0.017778,0.833898,1.000000,0.809402,1.000000,0.085690
lost,dst-pll,0.8,-1,-1.0,-1.0,1,0.654404,0.448889,0.613356,0.350511,0.129320,0.057778,0.366778,0.013333,0.781155,1.000000,0.754320,1.000000,0.088667
lost,dst-pll,0.8,-1,-1.0,-1.0,2,0.660356,0.343750,0.617335,0.258469,0.148107,0.062500,0.335189,0.017857,0.807309,0.500000,0.779839,0.516398,0.085618
lost,dst-pll,0.8,-1,-1.0,-1.0,3,0.662584,0.388393,0.619052,0.308112,0.149220,0.049107,0.339644,0.004464,0.773770,1.000000,0.742188,0.000000,0.093209
lost,dst-pll,0.8,-1,-1.0,-1.0,4,0.644766,0.410714,0.598900,0.346918,0.142539,0.049107,0.347439,0.008929,0.798077,1.000000,0.769042,1.000000,0.087861
lost,ipal-2015,0.8,-1,-1.0,-1.0,0,0.764771,0.528889,0.733380,0.466106,0.000000,0.000000,0.940914,0.573333,0.778436,0.736434,0.748878,0.703809,21.001107
lost,ipal-2015,0.8,-1,-1.0,-1.0,1,0.745819,0.595556,0.714798,0.529632,0.000000,0.000000,0.929766,0.595556,0.767386,0.753731,0.739576,0.709803,20.957070
lost,ipal-2015,0.8,-1,-1.0,-1.0,2,0.773942,0.571429,0.744988,0.514869,0.000000,0.000000,0.943207,0.602679,0.786305,0.748148,0.759039,0.709367,21.948125
lost,ipal-2015,0.8,-1,-1.0,-1.0,3,0.771715,0.566964,0.742467,0.516734,0.000000,0.000000,0.934298,0.584821,0.784267,0.755725,0.756488,0.731988,21.409212
lost,ipal-2015,0.8,-1,-1.0,-1.0,4,0.727171,0.531250,0.691651,0.476791,0.000000,0.000000,0.940980,0.593750,0.749112,0.631579,0.716500,0.593388,21.342821
lost,lsb-cmm-2012,0.8,-1,-1.0,-1.0,0,0.676700,0.497778,0.634648,0.437903,0.000000,0.000000,0.971014,0.266667,0.681975,0.783333,0.640657,0.729519,45.219749
lost,lsb-cmm-2012,0.8,-1,-1.0,-1.0,1,0.658863,0.546667,0.617238,0.472801,0.000000,0.000000,0.969900,0.222222,0.666667,0.780000,0.626332,0.737335,37.080458
lost,lsb-cmm-2012,0.8,-1,-1.0,-1.0,2,0.672606,0.504464,0.631209,0.430209,0.000000,0.000000,0.975501,0.232143,0.681507,0.826923,0.641287,0.777775,40.827872
lost,lsb-cmm-2012,0.8,-1,-1.0,-1.0,3,0.668151,0.500000,0.626164,0.429123,0.000000,0.000000,0.975501,0.263393,0.675799,0.796610,0.634754,0.736154,60.219671
lost,lsb-cmm-2012,0.8,-1,-1.0,-1.0,4,0.681514,0.473214,0.639978,0.410092,0.000000,0.000000,0.977728,0.263393,0.686788,0.762712,0.646109,0.668016,47.838931
lost,m3pl-2016,0.8,-1,-1.0,-1.0,0,0.880713,0.764444,0.866478,0.735676,0.000000,0.000000,0.867336,0.613333,0.912596,0.884058,0.901994,0.868099,26.295106
lost,m3pl-2016,0.8,-1,-1.0,-1.0,1,0.865106,0.751111,0.849175,0.714150,0.000000,0.000000,0.857302,0.648889,0.905072,0.897260,0.893607,0.881912,28.714113
lost,m3pl-2016,0.8,-1,-1.0,-1.0,2,0.863029,0.727679,0.846701,0.691057,0.000000,0.000000,0.856347,0.616071,0.906372,0.855072,0.895095,0.832155,27.498009
lost,m3pl-2016,0.8,-1,-1.0,-1.0,3,0.865256,0.683036,0.849091,0.647010,0.000000,0.000000,0.860802,0.625000,0.901682,0.792857,0.889695,0.768560,27.538260
lost,m3pl-2016,0.8,-1,-1.0,-1.0,4,0.864143,0.794643,0.847525,0.769944,0.000000,0.000000,0.863029,0.647321,0.899355,0.924138,0.886662,0.914715,28.565699
lost,paloc-2018,0.8,-1,-1.0,-1.0,0,0.678930,0.533333,0.637300,0.480270,0.004459,0.035556,0.821628,0.000000,0.700136,0.000000,0.664563,0.000000,6.151285
lost,paloc-2018,0.8,-1,-1.0,-1.0,1,0.704571,0.573333,0.669371,0.499901,0.006689,0.040000,0.827202,0.000000,0.726415,0.000000,0.696792,0.000000,6.025763
lost,paloc-2018,0.8,-1,-1.0,-1.0,2,0.674833,0.535714,0.633933,0.473880,0.006682,0.017857,0.825167,0.000000,0.690958,0.000000,0.655138,0.000000,6.100050
lost,paloc-2018,0.8,-1,-1.0,-1.0,3,0.664811,0.531250,0.622162,0.477707,0.005568,0.022321,0.790646,0.000000,0.695775,0.000000,0.659793,0.000000,6.299601
lost,paloc-2018,0.8,-1,-1.0,-1.0,4,0.707127,0.562500,0.668850,0.514486,0.002227,0.008929,0.831849,0.000000,0.725569,0.000000,0.693483,0.000000,6.151823
lost,pl-knn-2005,0.8,-1,-1.0,-1.0,0,0.676700,0.440000,0.635885,0.381019,0.053512,0.017778,0.917503,0.008889,0.701094,1.000000,0.663289,1.000000,0.064070
lost,pl-knn-2005,0.8,-1,-1.0,-1.0,1,0.646600,0.497778,0.603667,0.410610,0.055741,0.057778,0.917503,0.004444,0.663426,1.000000,0.622447,0.000000,0.054472
lost,pl-knn-2005,0.8,-1,-1.0,-1.0,2,0.673719,0.392857,0.633094,0.320757,0.064588,0.013393,0.914254,0.013393,0.694275,0.333333,0.653418,0.000000,0.056695
lost,pl-knn-2005,0.8,-1,-1.0,-1.0,3,0.669265,0.406250,0.626012,0.327436,0.052339,0.031250,0.922049,0.008929,0.685990,1.000000,0.643650,1.000000,0.059177
lost,pl-knn-2005,0.8,-1,-1.0,-1.0,4,0.642539,0.424107,0.595630,0.363555,0.061247,0.017857,0.925390,0.000000,0.664260,0.000000,0.618815,0.000000,0.058351
lost,pl-svm-2008,0.8,-1,-1.0,-1.0,0,0.686734,0.444444,0.647535,0.381287,0.000000,0.000000,0.557414,0.013333,0.772000,0.666667,0.748726,0.612372,9.335615
lost,pl-svm-2008,0.8,-1,-1.0,-1.0,1,0.712375,0.582222,0.679938,0.521233,0.000000,0.000000,0.531773,0.004444,0.838574,1.000000,0.819945,0.000000,9.126722
lost,pl-svm-2008,0.8,-1,-1.0,-1.0,2,0.681514,0.517857,0.643264,0.450581,0.000000,0.000000,0.515590,0.000000,0.788337,0.000000,0.760940,0.000000,9.309748
lost,pl-svm-2008,0.8,-1,-1.0,-1.0,3,0.694878,0.526786,0.658416,0.464510,0.000000,0.000000,0.540089,0.004464,0.754639,1.000000,0.730321,0.000000,9.443829
lost,pl-svm-2008,0.8,-1,-1.0,-1.0,4,0.693764,0.508929,0.655627,0.453011,0.000000,0.000000,0.527840,0.004464,0.780591,1.000000,0.757990,0.000000,8.983921
lost,sure-2019,0.8,-1,-1.0,-1.0,0,0.842809,0.737778,0.822094,0.705626,0.000000,0.000000,0.222965,0.000000,0.990000,0.000000,0.988246,0.000000,431.972603
lost,sure-2019,0.8,-1,-1.0,-1.0,1,0.818283,0.773333,0.795443,0.737342,0.000000,0.000000,0.214047,0.000000,0.984375,0.000000,0.981928,0.000000,271.423003
lost,sure-2019,0.8,-1,-1.0,-1.0,2,0.841871,0.790179,0.821850,0.760123,0.000000,0.000000,0.231626,0.000000,0.985577,0.000000,0.983185,0.000000,363.926794
lost,sure-2019,0.8,-1,-1.0,-1.0,3,0.832962,0.758929,0.811511,0.727137,0.000000,0.000000,0.227171,0.000000,0.990196,0.000000,0.988599,0.000000,396.587372
lost,sure-2019,0.8,-1,-1.0,-1.0,4,0.841871,0.812500,0.820780,0.789173,0.000000,0.000000,0.232739,0.000000,0.990431,0.000000,0.988778,0.000000,389.666842
mir-flickr,chance,0.8,-1,-1.0,-1.0,0,0.395140,0.064748,0.328374,-0.013507,1.000000,1.000000,0.000000,0.000000,0.000000,0.000000,0.000000,0.000000,0.142099
mir-flickr,chance,0.8,-1,-1.0,-1.0,1,0.403240,0.089928,0.339773,0.003879,1.000000,1.000000,0.000000,0.000000,0.000000,0.000000,0.000000,0.000000,0.138134
mir-flickr,chance,0.8,-1,-1.0,-1.0,2,0.391089,0.084532,0.326743,0.005093,1.000000,1.000000,0.000000,0.000000,0.000000,0.000000,0.000000,0.000000,0.146177
mir-flickr,chance,0.8,-1,-1.0,-1.0,3,0.407108,0.068468,0.341757,-0.013652,1.000000,1.000000,0.000000,0.000000,0.000000,0.000000,0.000000,0.000000,0.183855
mir-flickr,chance,0.8,-1,-1.0,-1.0,4,0.393162,0.079279,0.327205,-0.002096,1.000000,1.000000,0.000000,0.000000,0.000000,0.000000,0.000000,0.000000,0.183145
mir-flickr,clpl-2011,0.8,-1,-1.0,-1.0,0,0.717822,0.669065,0.669442,0.610060,0.000000,0.000000,0.376688,0.327338,0.853047,0.802198,0.830632,0.767975,230.537354
mir-flickr,clpl-2011,0.8,-1,-1.0,-1.0,1,0.726373,0.651079,0.678651,0.588794,0.000000,0.000000,0.401890,0.347122,0.855543,0.761658,0.832244,0.715692,187.342601
mir-flickr,clpl-2011,0.8,-1,-1.0,-1.0,2,0.724572,0.681655,0.677414,0.618490,0.000000,0.000000,0.394689,0.338129,0.857469,0.792553,0.833762,0.756241,170.406741
mir-flickr,clpl-2011,0.8,-1,-1.0,-1.0,3,0.719298,0.682883,0.668142,0.635072,0.000000,0.000000,0.398561,0.320721,0.845372,0.825843,0.820403,0.800975,212.106674
mir-flickr,clpl-2011,0.8,-1,-1.0,-1.0,4,0.709852,0.664865,0.660825,0.603106,0.000000,0.000000,0.387314,0.351351,0.842044,0.815385,0.817609,0.781235,264.025196
mir-flickr,dst-pll,0.8,-1,-1.0,-1.0,0,0.590459,0.491007,0.529585,0.415460,0.171917,0.120504,0.345635,0.212230,0.759115,0.813559,0.723816,0.786939,1.585599
mir-flickr,dst-pll,0.8,-1,-1.0,-1.0,1,0.603060,0.500000,0.545373,0.427340,0.166967,0.136691,0.355536,0.255396,0.769620,0.809859,0.734662,0.774616,1.126020
mir-flickr,dst-pll,0.8,-1,-1.0,-1.0,2,0.601710,0.505396,0.542636,0.420277,0.159316,0.118705,0.371737,0.242806,0.762712,0.740741,0.723202,0.705373,1.723004
mir-flickr,dst-pll,0.8,-1,-1.0,-1.0,3,0.594242,0.515315,0.532496,0.453450,0.153846,0.118919,0.346829,0.248649,0.754864,0.840580,0.717854,0.819734,1.429935
mir-flickr,dst-pll,0.8,-1,-1.0,-1.0,4,0.593792,0.506306,0.532927,0.434423,0.166892,0.102703,0.370220,0.225225,0.783718,0.768000,0.750637,0.736453,1.665990
mir-flickr,ipal-2015,0.8,-1,-1.0,-1.0,0,0.569757,0.501799,0.521679,0.446608,0.000000,0.000000,0.761026,0.696043,0.645772,0.583979,0.604554,0.535739,100.186604
mir-flickr,ipal-2015,0.8,-1,-1.0,-1.0,1,0.587759,0.541367,0.538918,0.473578,0.000000,0.000000,0.750225,0.724820,0.660468,0.632754,0.620509,0.576745,99.621962
mir-flickr,ipal-2015,0.8,-1,-1.0,-1.0,2,0.591809,0.519784,0.542454,0.446495,0.000000,0.000000,0.753375,0.782374,0.661290,0.581609,0.619543,0.518453,99.991861
mir-flickr,ipal-2015,0.8,-1,-1.0,-1.0,3,0.574899,0.542342,0.525273,0.490073,0.000000,0.000000,0.754386,0.744144,0.651163,0.636804,0.609296,0.595870,102.567971
mir-flickr,ipal-2015,0.8,-1,-1.0,-1.0,4,0.587045,0.542342,0.536972,0.480337,0.000000,0.000000,0.748988,0.745946,0.673273,0.630435,0.633191,0.576724,97.123332
mir-flickr,lsb-cmm-2012,0.8,-1,-1.0,-1.0,0,0.668767,0.631295,0.613397,0.564374,0.000000,0.000000,0.984698,0.895683,0.672761,0.666667,0.617602,0.600930,6745.616051
mir-flickr,lsb-cmm-2012,0.8,-1,-1.0,-1.0,1,0.672367,0.575540,0.619106,0.506620,0.000000,0.000000,0.988749,0.902878,0.676377,0.605578,0.623823,0.537300,6595.046127
mir-flickr,lsb-cmm-2012,0.8,-1,-1.0,-1.0,2,0.675518,0.638489,0.622192,0.571039,0.000000,0.000000,0.985149,0.915468,0.679762,0.658153,0.626625,0.592724,6562.481226
mir-flickr,lsb-cmm-2012,0.8,-1,-1.0,-1.0,3,0.686910,0.619820,0.631244,0.564653,0.000000,0.000000,0.985605,0.926126,0.690096,0.638132,0.634578,0.585356,6549.864552
mir-flickr,lsb-cmm-2012,0.8,-1,-1.0,-1.0,4,0.677463,0.627027,0.624627,0.557883,0.000000,0.000000,0.991453,0.902703,0.680581,0.656687,0.628158,0.590714,6490.006081
mir-flickr,m3pl-2016,0.8,-1,-1.0,-1.0,0,0.491449,0.449640,0.441620,0.397335,0.000000,0.000000,0.998650,0.753597,0.490762,0.496420,0.440867,0.450675,589.145701
mir-flickr,m3pl-2016,0.8,-1,-1.0,-1.0,1,0.495050,0.422662,0.446458,0.360533,0.000000,0.000000,0.998650,0.726619,0.494817,0.492574,0.446118,0.430434,647.430235
mir-flickr,m3pl-2016,0.8,-1,-1.0,-1.0,2,0.500900,0.440647,0.453280,0.377880,0.000000,0.000000,0.997300,0.733813,0.501354,0.512255,0.453716,0.457996,609.197554
mir-flickr,m3pl-2016,0.8,-1,-1.0,-1.0,3,0.493477,0.466667,0.443558,0.417896,0.000000,0.000000,1.000000,0.718919,0.493477,0.526316,0.443558,0.478740,557.178381
mir-flickr,m3pl-2016,0.8,-1,-1.0,-1.0,4,0.497076,0.463063,0.447943,0.411666,0.000000,0.000000,0.999100,0.706306,0.497524,0.533163,0.448374,0.485920,572.826159
mir-flickr,paloc-2018,0.8,-1,-1.0,-1.0,0,0.656166,0.600719,0.598039,0.528026,0.009001,0.028777,0.796130,0.000000,0.687959,0.000000,0.643314,0.000000,327.983374
mir-flickr,paloc-2018,0.8,-1,-1.0,-1.0,1,0.473897,0.410072,0.457635,0.388195,0.026103,0.032374,0.780378,0.000000,0.543253,0.000000,0.521005,0.000000,363.442578
mir-flickr,paloc-2018,0.8,-1,-1.0,-1.0,2,0.659766,0.613309,0.604388,0.540987,0.010351,0.026978,0.792079,0.000000,0.705114,0.000000,0.662565,0.000000,363.315497
mir-flickr,paloc-2018,0.8,-1,-1.0,-1.0,3,0.658570,0.598198,0.599765,0.543399,0.013045,0.030631,0.790373,0.000000,0.699488,0.000000,0.655230,0.000000,353.479184
mir-flickr,paloc-2018,0.8,-1,-1.0,-1.0,4,0.670265,0.621622,0.615247,0.550385,0.012596,0.041441,0.798021,0.000000,0.706313,0.000000,0.664570,0.000000,371.539661
mir-flickr,pl-knn-2005,0.8,-1,-1.0,-1.0,0,0.591809,0.512590,0.532107,0.441180,0.157966,0.174460,0.928443,0.201439,0.603975,0.723214,0.547786,0.695435,0.556247
mir-flickr,pl-knn-2005,0.8,-1,-1.0,-1.0,1,0.597210,0.487410,0.539584,0.414578,0.148515,0.147482,0.935194,0.205036,0.610202,0.631579,0.555725,0.569076,0.563332
mir-flickr,pl-knn-2005,0.8,-1,-1.0,-1.0,2,0.612511,0.525180,0.554972,0.444000,0.153465,0.149281,0.927543,0.206835,0.625425,0.608696,0.570784,0.546161,0.561983
mir-flickr,pl-knn-2005,0.8,-1,-1.0,-1.0,3,0.599640,0.520721,0.540702,0.461723,0.144849,0.138739,0.925776,0.219820,0.614674,0.713115,0.558656,0.683433,0.482407
mir-flickr,pl-knn-2005,0.8,-1,-1.0,-1.0,4,0.601439,0.520721,0.542049,0.451296,0.156995,0.142342,0.931624,0.228829,0.613713,0.669291,0.558072,0.622077,0.437500
mir-flickr,pl-svm-2008,0.8,-1,-1.0,-1.0,0,0.374437,0.329137,0.303039,0.226713,0.000000,0.000000,0.599460,0.145683,0.491742,0.790123,0.405219,0.511212,21.731658
mir-flickr,pl-svm-2008,0.8,-1,-1.0,-1.0,1,0.597660,0.487410,0.514744,0.365475,0.000000,0.000000,0.534203,0.143885,0.582140,0.762500,0.494792,0.430529,21.809514
mir-flickr,pl-svm-2008,0.8,-1,-1.0,-1.0,2,0.382088,0.325540,0.313302,0.217831,0.000000,0.000000,0.575158,0.154676,0.498435,0.604651,0.409407,0.361140,21.045682
mir-flickr,pl-svm-2008,0.8,-1,-1.0,-1.0,3,0.419253,0.311712,0.353306,0.227647,0.000000,0.000000,0.644624,0.138739,0.487788,0.714286,0.408841,0.508946,22.384268
mir-flickr,pl-svm-2008,0.8,-1,-1.0,-1.0,4,0.663518,0.497297,0.595594,0.369148,0.000000,0.000000,0.605488,0.203604,0.716939,0.778761,0.659880,0.612465,21.530243
mir-flickr,sure-2019,0.8,-1,-1.0,-1.0,0,0.689019,0.679856,0.637420,0.618544,0.000000,0.000000,0.127813,0.000000,0.901408,0.000000,0.883355,0.000000,1983.592030
mir-flickr,sure-2019,0.8,-1,-1.0,-1.0,1,0.690369,0.656475,0.637785,0.592584,0.000000,0.000000,0.138164,0.000000,0.859935,0.000000,0.832940,0.000000,2516.296882
mir-flickr,sure-2019,0.8,-1,-1.0,-1.0,2,0.679118,0.681655,0.626425,0.616007,0.000000,0.000000,0.132763,0.001799,0.888136,1.000000,0.866407,0.000000,2133.410462
mir-flickr,sure-2019,0.8,-1,-1.0,-1.0,3,0.675664,0.677477,0.619335,0.625587,0.000000,0.000000,0.120108,0.001802,0.883895,0.000000,0.863686,0.000000,2105.447614
mir-flickr,sure-2019,0.8,-1,-1.0,-1.0,4,0.679712,0.666667,0.627238,0.602810,0.000000,0.000000,0.127305,0.001802,0.865724,1.000000,0.844765,0.000000,2241.275851
msrc-v2,chance,0.8,-1,-1.0,-1.0,0,0.397436,0.042735,0.347713,-0.002898,1.000000,1.000000,0.000000,0.000000,0.000000,0.000000,0.000000,0.000000,0.056635
msrc-v2,chance,0.8,-1,-1.0,-1.0,1,0.383191,0.048433,0.332617,0.002616,1.000000,1.000000,0.000000,0.000000,0.000000,0.000000,0.000000,0.000000,0.042374
msrc-v2,chance,0.8,-1,-1.0,-1.0,2,0.356838,0.031339,0.303985,-0.012659,1.000000,1.000000,0.000000,0.000000,0.000000,0.000000,0.000000,0.000000,0.066881
msrc-v2,chance,0.8,-1,-1.0,-1.0,3,0.381766,0.039886,0.332526,-0.004350,1.000000,1.000000,0.000000,0.000000,0.000000,0.000000,0.000000,0.000000,0.043688
msrc-v2,chance,0.8,-1,-1.0,-1.0,4,0.377493,0.068376,0.326171,0.020504,1.000000,1.000000,0.000000,0.000000,0.000000,0.000000,0.000000,0.000000,0.052564
msrc-v2,clpl-2011,0.8,-1,-1.0,-1.0,0,0.576923,0.361823,0.540726,0.305774,0.000000,0.000000,0.300570,0.353276,0.689573,0.524194,0.582596,0.411705,4.013114
msrc-v2,clpl-2011,0.8,-1,-1.0,-1.0,1,0.541311,0.396011,0.502846,0.338519,0.000000,0.000000,0.311966,0.353276,0.657534,0.564516,0.563658,0.425545,2.979114
msrc-v2,clpl-2011,0.8,-1,-1.0,-1.0,2,0.544872,0.387464,0.506881,0.332077,0.000000,0.000000,0.304843,0.339031,0.665888,0.613445,0.555378,0.508458,4.272941
msrc-v2,clpl-2011,0.8,-1,-1.0,-1.0,3,0.564103,0.353276,0.527155,0.290564,0.000000,0.000000,0.307692,0.336182,0.682870,0.550847,0.582453,0.447465,4.624976
msrc-v2,clpl-2011,0.8,-1,-1.0,-1.0,4,0.550570,0.418803,0.512538,0.363999,0.000000,0.000000,0.298433,0.341880,0.663484,0.625000,0.555125,0.517380,3.371492
msrc-v2,dst-pll,0.8,-1,-1.0,-1.0,0,0.612536,0.361823,0.577626,0.299346,0.104701,0.056980,0.420228,0.122507,0.776271,0.837209,0.755756,0.783198,0.156340
msrc-v2,dst-pll,0.8,-1,-1.0,-1.0,1,0.591168,0.401709,0.555175,0.336528,0.110399,0.048433,0.388889,0.111111,0.743590,0.923077,0.718434,0.872631,0.170113
msrc-v2,dst-pll,0.8,-1,-1.0,-1.0,2,0.588319,0.401709,0.551191,0.345384,0.101140,0.054131,0.398148,0.122507,0.735242,0.837209,0.710686,0.756266,0.217307
msrc-v2,dst-pll,0.8,-1,-1.0,-1.0,3,0.581197,0.435897,0.542426,0.384182,0.101140,0.042735,0.394587,0.082621,0.756318,0.827586,0.733782,0.727268,0.179808
msrc-v2,dst-pll,0.8,-1,-1.0,-1.0,4,0.570513,0.447293,0.531223,0.391967,0.108974,0.056980,0.388177,0.131054,0.732110,0.891304,0.710708,0.835905,0.174045
msrc-v2,ipal-2015,0.8,-1,-1.0,-1.0,0,0.747151,0.495726,0.725617,0.450929,0.000000,0.000000,0.856838,0.672365,0.792186,0.601695,0.773750,0.554365,32.106502
msrc-v2,ipal-2015,0.8,-1,-1.0,-1.0,1,0.692308,0.492877,0.666327,0.443497,0.000000,0.000000,0.815527,0.680912,0.753712,0.610879,0.731776,0.563750,34.245900
msrc-v2,ipal-2015,0.8,-1,-1.0,-1.0,2,0.713675,0.507123,0.689094,0.465086,0.000000,0.000000,0.806980,0.686610,0.782877,0.614108,0.762944,0.571089,32.922407
msrc-v2,ipal-2015,0.8,-1,-1.0,-1.0,3,0.702279,0.558405,0.676235,0.520802,0.000000,0.000000,0.824074,0.669516,0.751080,0.659574,0.728428,0.620996,33.284704
msrc-v2,ipal-2015,0.8,-1,-1.0,-1.0,4,0.707265,0.552707,0.682326,0.510879,0.000000,0.000000,0.826923,0.680912,0.758829,0.652720,0.737611,0.608597,34.292707
msrc-v2,lsb-cmm-2012,0.8,-1,-1.0,-1.0,0,0.497863,0.307692,0.456196,0.242633,0.000000,0.000000,0.790598,0.142450,0.562162,0.800000,0.524867,0.680353,10.993428
msrc-v2,lsb-cmm-2012,0.8,-1,-1.0,-1.0,1,0.448006,0.219373,0.404525,0.135680,0.000000,0.000000,0.789174,0.233618,0.471119,0.695122,0.422749,0.547480,73.016809
msrc-v2,lsb-cmm-2012,0.8,-1,-1.0,-1.0,2,0.519943,0.344729,0.478668,0.279738,0.000000,0.000000,0.822650,0.227920,0.543723,0.675000,0.503179,0.538117,83.136565
msrc-v2,lsb-cmm-2012,0.8,-1,-1.0,-1.0,3,0.532051,0.310541,0.491093,0.246647,0.000000,0.000000,0.835470,0.230769,0.563512,0.716049,0.524937,0.576884,82.911320
msrc-v2,lsb-cmm-2012,0.8,-1,-1.0,-1.0,4,0.524217,0.350427,0.484347,0.284294,0.000000,0.000000,0.817664,0.245014,0.555749,0.709302,0.518913,0.588049,96.685155
msrc-v2,m3pl-2016,0.8,-1,-1.0,-1.0,0,0.681624,0.433048,0.654193,0.381068,0.000000,0.000000,0.381054,0.393162,0.820561,0.710145,0.789268,0.650863,61.567298
msrc-v2,m3pl-2016,0.8,-1,-1.0,-1.0,1,0.608262,0.415954,0.574283,0.353955,0.000000,0.000000,0.330484,0.333333,0.685345,0.572650,0.623393,0.475805,73.871765
msrc-v2,m3pl-2016,0.8,-1,-1.0,-1.0,2,0.660969,0.427350,0.631324,0.372030,0.000000,0.000000,0.323362,0.333333,0.731278,0.675214,0.672250,0.610120,100.086608
msrc-v2,m3pl-2016,0.8,-1,-1.0,-1.0,3,0.727208,0.458689,0.703478,0.410184,0.000000,0.000000,0.382479,0.398860,0.871508,0.714286,0.846556,0.660326,72.972592
msrc-v2,m3pl-2016,0.8,-1,-1.0,-1.0,4,0.438034,0.270655,0.387905,0.196813,0.000000,0.000000,0.318376,0.353276,0.465324,0.403226,0.353947,0.277339,69.883476
msrc-v2,paloc-2018,0.8,-1,-1.0,-1.0,0,0.603276,0.376068,0.567456,0.329328,0.089744,0.113960,0.350427,0.000000,0.664634,0.000000,0.647233,0.000000,15.975432
msrc-v2,paloc-2018,0.8,-1,-1.0,-1.0,1,0.556980,0.450142,0.518195,0.398789,0.096154,0.159544,0.349003,0.000000,0.651020,0.000000,0.630318,0.000000,16.165644
msrc-v2,paloc-2018,0.8,-1,-1.0,-1.0,2,0.556268,0.435897,0.517648,0.383717,0.100427,0.176638,0.336182,0.000000,0.639831,0.000000,0.620121,0.000000,15.816754
msrc-v2,paloc-2018,0.8,-1,-1.0,-1.0,3,0.563390,0.404558,0.523689,0.352844,0.080484,0.139601,0.360399,0.000000,0.652174,0.000000,0.631261,0.000000,16.805476
msrc-v2,paloc-2018,0.8,-1,-1.0,-1.0,4,0.556268,0.427350,0.516745,0.385271,0.079772,0.156695,0.349715,0.000000,0.639511,0.000000,0.620607,0.000000,17.030280
msrc-v2,pl-knn-2005,0.8,-1,-1.0,-1.0,0,0.606838,0.410256,0.570851,0.354355,0.113248,0.091168,0.915242,0.108262,0.636576,0.815789,0.601822,0.745871,0.087615
msrc-v2,pl-knn-2005,0.8,-1,-1.0,-1.0,1,0.585470,0.444444,0.548445,0.385227,0.121083,0.102564,0.903846,0.082621,0.617021,0.827586,0.580998,0.759297,0.085128
msrc-v2,pl-knn-2005,0.8,-1,-1.0,-1.0,2,0.584046,0.421652,0.546139,0.365466,0.117521,0.105413,0.923077,0.079772,0.610340,0.821429,0.573465,0.773127,0.091228
msrc-v2,pl-knn-2005,0.8,-1,-1.0,-1.0,3,0.581197,0.438746,0.541880,0.386749,0.118946,0.082621,0.912393,0.062678,0.605777,0.727273,0.566544,0.585517,0.077255
msrc-v2,pl-knn-2005,0.8,-1,-1.0,-1.0,4,0.570513,0.461538,0.531203,0.407458,0.120370,0.079772,0.903846,0.085470,0.602049,0.800000,0.563659,0.706578,0.086012
msrc-v2,pl-svm-2008,0.8,-1,-1.0,-1.0,0,0.482906,0.270655,0.443611,0.210384,0.000000,0.000000,0.455840,0.116809,0.659375,0.756098,0.632187,0.640763,10.336726
msrc-v2,pl-svm-2008,0.8,-1,-1.0,-1.0,1,0.472934,0.222222,0.435136,0.141820,0.000000,0.000000,0.471510,0.168091,0.604230,0.694915,0.569963,0.567885,10.944016
msrc-v2,pl-svm-2008,0.8,-1,-1.0,-1.0,2,0.493590,0.245014,0.454644,0.173361,0.000000,0.000000,0.463675,0.145299,0.612903,0.627451,0.575443,0.467443,10.415319
msrc-v2,pl-svm-2008,0.8,-1,-1.0,-1.0,3,0.498575,0.262108,0.461478,0.194095,0.000000,0.000000,0.472934,0.128205,0.640060,0.688889,0.603682,0.552669,10.375003
msrc-v2,pl-svm-2008,0.8,-1,-1.0,-1.0,4,0.469373,0.259259,0.431569,0.183459,0.000000,0.000000,0.473647,0.190883,0.603008,0.671642,0.567937,0.558610,10.240441
msrc-v2,sure-2019,0.8,-1,-1.0,-1.0,0,0.640313,0.461538,0.610670,0.410768,0.000000,0.000000,0.123932,0.000000,0.988506,0.000000,0.986781,0.000000,583.681894
msrc-v2,sure-2019,0.8,-1,-1.0,-1.0,1,0.626068,0.504274,0.595462,0.454172,0.000000,0.000000,0.118234,0.000000,0.963855,0.000000,0.958580,0.000000,848.157177
msrc-v2,sure-2019,0.8,-1,-1.0,-1.0,2,0.629630,0.498575,0.599841,0.453189,0.000000,0.000000,0.111823,0.000000,0.961783,0.000000,0.956273,0.000000,797.797074
msrc-v2,sure-2019,0.8,-1,-1.0,-1.0,3,0.622507,0.461538,0.590693,0.416758,0.000000,0.000000,0.127493,0.000000,0.972067,0.000000,0.968405,0.000000,513.747089
msrc-v2,sure-2019,0.8,-1,-1.0,-1.0,4,0.631766,0.518519,0.601753,0.473967,0.000000,0.000000,0.118946,0.000000,0.970060,0.000000,0.966113,0.000000,564.730996
yahoo-news,chance,0.8,-1,-1.0,-1.0,0,0.607831,0.004173,0.563915,-0.000790,1.000000,1.000000,0.000000,0.000000,0.000000,0.000000,0.000000,0.000000,0.542335
yahoo-news,chance,0.8,-1,-1.0,-1.0,1,0.609149,0.006809,0.564768,0.001864,1.000000,1.000000,0.000000,0.000000,0.000000,0.000000,0.000000,0.000000,0.542073
yahoo-news,chance,0.8,-1,-1.0,-1.0,2,0.610379,0.004394,0.565959,-0.000326,1.000000,1.000000,0.000000,0.000000,0.000000,0.000000,0.000000,0.000000,0.505678
yahoo-news,chance,0.8,-1,-1.0,-1.0,3,0.610214,0.006151,0.565342,0.001369,1.000000,1.000000,0.000000,0.000000,0.000000,0.000000,0.000000,0.000000,0.524939
yahoo-news,chance,0.8,-1,-1.0,-1.0,4,0.608072,0.002856,0.563117,-0.001745,1.000000,1.000000,0.000000,0.000000,0.000000,0.000000,0.000000,0.000000,0.521714
yahoo-news,clpl-2011,0.8,-1,-1.0,-1.0,0,0.0,0.0,0.0,0.0,1.000000,1.000000,0.000000,0.000000,0.000000,0.000000,0.000000,0.000000,-1
yahoo-news,clpl-2011,0.8,-1,-1.0,-1.0,1,0.0,0.0,0.0,0.0,1.000000,1.000000,0.000000,0.000000,0.000000,0.000000,0.000000,0.000000,-1
yahoo-news,clpl-2011,0.8,-1,-1.0,-1.0,2,0.0,0.0,0.0,0.0,1.000000,1.000000,0.000000,0.000000,0.000000,0.000000,0.000000,0.000000,-1
yahoo-news,clpl-2011,0.8,-1,-1.0,-1.0,3,0.0,0.0,0.0,0.0,1.000000,1.000000,0.000000,0.000000,0.000000,0.000000,0.000000,0.000000,-1
yahoo-news,clpl-2011,0.8,-1,-1.0,-1.0,4,0.0,0.0,0.0,0.0,1.000000,1.000000,0.000000,0.000000,0.000000,0.000000,0.000000,0.000000,-1
yahoo-news,dst-pll,0.8,-1,-1.0,-1.0,0,0.727003,0.440589,0.694814,0.370884,0.093251,0.089611,0.569718,0.087854,0.881434,0.977500,0.873907,0.973477,14.734618
yahoo-news,dst-pll,0.8,-1,-1.0,-1.0,1,0.725905,0.447178,0.693491,0.378143,0.095228,0.083242,0.570652,0.090490,0.879126,0.980583,0.871357,0.976694,14.467916
yahoo-news,dst-pll,0.8,-1,-1.0,-1.0,2,0.728007,0.445079,0.695814,0.375320,0.090445,0.082821,0.570016,0.088313,0.876493,0.982587,0.868503,0.979438,14.593146
yahoo-news,dst-pll,0.8,-1,-1.0,-1.0,3,0.728830,0.440026,0.696850,0.373686,0.092971,0.087654,0.573311,0.085237,0.878927,0.976804,0.871290,0.972690,14.493581
yahoo-news,dst-pll,0.8,-1,-1.0,-1.0,4,0.731192,0.433436,0.699568,0.362489,0.092971,0.090070,0.573092,0.080844,0.879072,0.980978,0.871301,0.976478,14.610480
yahoo-news,ipal-2015,0.8,-1,-1.0,-1.0,0,0.781372,0.547990,0.756483,0.499228,0.000000,0.000000,0.965512,0.412256,0.795404,0.811934,0.772872,0.799080,448.320786
yahoo-news,ipal-2015,0.8,-1,-1.0,-1.0,1,0.787852,0.561168,0.763817,0.513401,0.000000,0.000000,0.966555,0.416209,0.800795,0.810026,0.778760,0.798077,464.536228
yahoo-news,ipal-2015,0.8,-1,-1.0,-1.0,2,0.780395,0.552724,0.755341,0.502984,0.000000,0.000000,0.966337,0.406195,0.792237,0.811249,0.769163,0.798072,455.527234
yahoo-news,ipal-2015,0.8,-1,-1.0,-1.0,3,0.780560,0.549209,0.755783,0.503431,0.000000,0.000000,0.967600,0.408392,0.793473,0.800968,0.770743,0.790251,462.698539
yahoo-news,ipal-2015,0.8,-1,-1.0,-1.0,4,0.783800,0.539104,0.759188,0.489337,0.000000,0.000000,0.967271,0.409051,0.797150,0.785177,0.774545,0.772602,472.221041
yahoo-news,lsb-cmm-2012,0.8,-1,-1.0,-1.0,0,0.794827,0.520316,0.770034,0.453207,0.000000,0.000000,0.980394,0.279596,0.801983,0.902592,0.778350,0.840408,5997.767622
yahoo-news,lsb-cmm-2012,0.8,-1,-1.0,-1.0,1,0.779560,0.509115,0.753478,0.448263,0.000000,0.000000,0.966610,0.147156,0.790580,0.953731,0.766235,0.913242,3677.628232
yahoo-news,lsb-cmm-2012,0.8,-1,-1.0,-1.0,2,0.781439,0.496485,0.754994,0.424727,0.000000,0.000000,0.969028,0.190685,0.791964,0.934332,0.767237,0.878276,3864.499569
yahoo-news,lsb-cmm-2012,0.8,-1,-1.0,-1.0,3,0.813180,0.541301,0.791194,0.487901,0.000000,0.000000,0.986271,0.379833,0.817929,0.854829,0.796692,0.803896,40012.223765
yahoo-news,lsb-cmm-2012,0.8,-1,-1.0,-1.0,4,0.810983,0.534271,0.788852,0.476309,0.000000,0.000000,0.986820,0.386204,0.815915,0.826507,0.794555,0.772842,42737.440018
yahoo-news,m3pl-2016,0.8,-1,-1.0,-1.0,0,0.870394,0.658247,0.855724,0.615468,0.000000,0.000000,0.605470,0.547990,0.941497,0.844088,0.934706,0.820353,39087.461643
yahoo-news,m3pl-2016,0.8,-1,-1.0,-1.0,1,0.869240,0.655172,0.854444,0.612036,0.000000,0.000000,0.603712,0.563145,0.943510,0.841264,0.936880,0.817025,39257.305710
yahoo-news,m3pl-2016,0.8,-1,-1.0,-1.0,2,0.870566,0.661248,0.855933,0.619315,0.000000,0.000000,0.606535,0.558436,0.943866,0.835563,0.937106,0.812668,37487.597084
yahoo-news,m3pl-2016,0.8,-1,-1.0,-1.0,3,0.872103,0.653120,0.857527,0.611345,0.000000,0.000000,0.608347,0.554042,0.944575,0.840603,0.938081,0.816648,36283.398409
yahoo-news,m3pl-2016,0.8,-1,-1.0,-1.0,4,0.874355,0.660808,0.860155,0.618918,0.000000,0.000000,0.606700,0.543717,0.946959,0.837172,0.940640,0.814410,32263.170770
yahoo-news,paloc-2018,0.8,-1,-1.0,-1.0,0,0.806359,0.566440,0.785332,0.518817,0.012137,0.010762,0.817014,0.000000,0.844996,0.000000,0.829756,0.000000,73530.573771
yahoo-news,paloc-2018,0.8,-1,-1.0,-1.0,1,0.804492,0.567318,0.783289,0.519100,0.011752,0.009225,0.815311,0.000000,0.844200,0.000000,0.828896,0.000000,72366.727311
yahoo-news,paloc-2018,0.8,-1,-1.0,-1.0,2,0.805766,0.567004,0.784525,0.517502,0.011203,0.014060,0.816200,0.000000,0.844311,0.000000,0.828860,0.000000,73567.541534
yahoo-news,paloc-2018,0.8,-1,-1.0,-1.0,3,0.807139,0.553383,0.785834,0.504335,0.011312,0.011643,0.816365,0.000000,0.846226,0.000000,0.830755,0.000000,72330.621952
yahoo-news,paloc-2018,0.8,-1,-1.0,-1.0,4,0.803844,0.549429,0.782420,0.499264,0.011203,0.011643,0.817628,0.000000,0.841897,0.000000,0.826210,0.000000,71536.418977
yahoo-news,pl-knn-2005,0.8,-1,-1.0,-1.0,0,0.694437,0.459038,0.658566,0.387908,0.056620,0.017132,0.742380,0.046563,0.786063,0.966981,0.765034,0.961088,3.529227
yahoo-news,pl-knn-2005,0.8,-1,-1.0,-1.0,1,0.694547,0.456183,0.658770,0.383761,0.056620,0.015374,0.739744,0.046782,0.783964,0.995305,0.762476,0.994274,3.557856
yahoo-news,pl-knn-2005,0.8,-1,-1.0,-1.0,2,0.694124,0.462434,0.658090,0.390967,0.054750,0.018014,0.745579,0.043937,0.780069,0.985000,0.758005,0.981860,3.499444
yahoo-news,pl-knn-2005,0.8,-1,-1.0,-1.0,3,0.696595,0.455185,0.661024,0.386998,0.057221,0.015158,0.746074,0.044596,0.783012,0.980296,0.761422,0.977203,3.628023
yahoo-news,pl-knn-2005,0.8,-1,-1.0,-1.0,4,0.698462,0.451011,0.663139,0.378741,0.054805,0.014279,0.746458,0.041960,0.784889,0.989529,0.763484,0.986703,3.502066
yahoo-news,pl-svm-2008,0.8,-1,-1.0,-1.0,0,0.785381,0.407204,0.762901,0.314462,0.000000,0.000000,0.569993,0.000000,0.919549,0.000000,0.914315,0.000000,38.442584
yahoo-news,pl-svm-2008,0.8,-1,-1.0,-1.0,1,0.744687,0.374698,0.719711,0.272879,0.000000,0.000000,0.557526,0.000000,0.870764,0.000000,0.865294,0.000000,37.737725
yahoo-news,pl-svm-2008,0.8,-1,-1.0,-1.0,2,0.733004,0.324473,0.709822,0.245696,0.000000,0.000000,0.614168,0.000000,0.882421,0.000000,0.873025,0.000000,38.068229
yahoo-news,pl-svm-2008,0.8,-1,-1.0,-1.0,3,0.756727,0.359842,0.731314,0.266089,0.000000,0.000000,0.568314,0.000000,0.915837,0.000000,0.909137,0.000000,38.268459
yahoo-news,pl-svm-2008,0.8,-1,-1.0,-1.0,4,0.770730,0.392355,0.746177,0.304121,0.000000,0.000000,0.581109,0.000000,0.920620,0.000000,0.914316,0.000000,37.285316
yahoo-news,sure-2019,0.8,-1,-1.0,-1.0,0,0.0,0.0,0.0,0.0,1.000000,1.000000,0.000000,0.000000,0.000000,0.000000,0.000000,0.000000,-1
yahoo-news,sure-2019,0.8,-1,-1.0,-1.0,1,0.0,0.0,0.0,0.0,1.000000,1.000000,0.000000,0.000000,0.000000,0.000000,0.000000,0.000000,-1
yahoo-news,sure-2019,0.8,-1,-1.0,-1.0,2,0.0,0.0,0.0,0.0,1.000000,1.000000,0.000000,0.000000,0.000000,0.000000,0.000000,0.000000,-1
yahoo-news,sure-2019,0.8,-1,-1.0,-1.0,3,0.0,0.0,0.0,0.0,1.000000,1.000000,0.000000,0.000000,0.000000,0.000000,0.000000,0.000000,-1
yahoo-news,sure-2019,0.8,-1,-1.0,-1.0,4,0.0,0.0,0.0,0.0,1.000000,1.000000,0.000000,0.000000,0.000000,0.000000,0.000000,0.000000,-1
